,Province,Year,all_fish_catch,anchovy_catch,round_scad_catch,small_yellow_croaker_catch,largehead_hairtail_catch,chub_mackerel_catch,all_crustaceans_catch,cuttlefish_catch,all_shellfish_catch,all_other_catch,Kilowatts,all_fisheries_catch
1,Tianjin,2016,42718,33848,NA,4433,391,709,1286,30,2500,30,56098,46534
2,Hebei,2016,145161,56752,NA,10750,5722,6177,51892,1391,22168,19804,339033,239025
3,Liaoning Province,2016,666228,97102,NA,123101,14432,37217,213112,13246,85788,82283,1309116,1047617
4,Shanghai,2016,8269,NA,NA,259,304,5,8459,20,5,149,142456,16882
5,Jiangsu Province,2016,303969,2764,23,29557,55341,5926,158727,2231,48233,26564,626371,538760
6,Zhejiang,2016,2223070,73001,77552,104013,438756,175283,947699,28676,16961,29180,3666831,3219531
7,Fujian Province,2016,1464260,78807,268480,9751,173071,126155,349330,34636,50511,15763,2235036,1882572
8,Shandong,2016,1607264,564678,NA,56449,62458,58064,259246,10584,166688,123157,1824157,2158065
9,Guangdong,2016,1085963,NA,104544,25662,157920,32963,236173,19125,58938,37648,1995393,1426529
10,Guangxi,2016,363182,31016,72712,NA,31174,13529,130871,18230,58308,48147,607908,600508
11,Hainan,2016,1143908,17782,63869,14360,166144,15183,71123,19478,45870,1823,1350242,1272216
12,Tianjin,2015,40797,26065,NA,3460,572,6031,1186,26,1797,22,51702,43802
13,Hebei,2015,135551,52576,NA,10691,6240,1644,52126,1396,20530,20237,329134,228444
14,Liaoning Province,2015,65389,85937,NA,97835,13275,34194,220601,5101,82927,70157,1186799,439139
15,Shanghai,2015,6939,NA,NA,235,379,5,12871,19,10,7,143339,19827
16,Jiangsu Province,2015,296348,2184,51,29470,54176,5900,158116,2200,49683,27423,587467,532844
17,Zhejiang,2015,2111192,65197,93013,94718,414978,176293,937862,26468,18012,28542,3683444,3098323
18,Fujian Province,2015,1458245,7794,264322,9530,180086,126798,332118,35098,48789,15771,2094495,1856945
19,Shandong,2015,1630501,566241,NA,59749,69506,69555,262450,9939,175522,100899,1768314,2170856
20,Guangdong,2015,1081692,32892,106781,2342,152279,31603,228515,20218,56459,39599,2026185,1413588
21,Guangxi,2015,368131,NA,72948,NA,31318,13633,126522,17863,57357,47857,621727,599867
22,Hainan,2015,1024616,17476,65144,13614,161375,14769,63332,18883,40521,1636,1326688,1139520
23,Tianjin,2014,49000,NA,NA,2964,203,3970,1756,46,2090,61,54201,52907
24,Hebei,2014,123554,NA,NA,11151,5745,72,56292,1608,20391,20757,316550,220994
25,Liaoning Province,2014,658599,87599,NA,104443,17113,54403,203563,4485,90578,63499,1171545,1016254
26,Shanghai,2014,7809,NA,NA,NA,330,2,11642,19,17,49,137671,19517
27,Jiangsu Province,2014,305606,2279,50,30709,56673,8835,150729,2283,52493,28475,591699,538580
28,Zhejiang,2014,2108083,60866,100862,88248,440483,183371,884279,24225,18403,31234,3629599,3044793
29,Fujian Province,2014,1440663,79652,241235,9607,166897,123429,315004,34427,48961,16261,2011043,1822701
30,Shandong,2014,1597662,515732,NA,76400,90415,82960,266684,10307,176192,155129,1619658,2197348
31,Guangdong,2014,1096882,30501,111542,23434,141228,29980,225474,20124,53197,33792,2017639,1416239
32,Guangxi,2014,370419,NA,73056,NA,30971,13621,125549,16977,55921,50072,627925,601961
33,Hainan,2014,959361,13784,43857,17008,146754,10857,44504,13545,29313,1502,1177142,1048243
34,Tianjin,2013,10312,1115,NA,4243,9,1440,2645,NA,2415,133,58231,15505
35,Hebei,2013,129709,36421,NA,6107,5740,58,62465,1595,19167,30669,289592,242010
36,Liaoning Province,2013,657146,95358,NA,116091,21846,37982,204068,5933,91816,74411,1187063,1027451
37,Shanghai,2013,10672,NA,NA,155,517,2,9474,20,NA,153,139109,20299
38,Jiangsu Province,2013,335060,2685,50,35413,57322,18819,127183,2269,54868,28664,606986,547055
39,Zhejiang,2013,2114884,61874,109854,103370,452498,190381,846609,23279,17622,33807,3641751,3015614
40,Fujian Province,2013,1440628,80732,242405,9104,165420,120776,306204,33710,49649,16406,1841467,1814748
41,Shandong,2013,1613399,503682,NA,87306,82402,85480,264966,9785,177268,141832,1486382,2199262
42,Guangdong,2013,1112922,28641,114026,21976,133344,30175,217029,20285,61716,38472,1995769,1434924
43,Guangxi,2013,384233,NA,71170,NA,31424,13680,122737,16941,59896,51874,622097,618740
44,Hainan,2013,949501,13645,43477,16850,146172,10753,44011,13309,29005,1494,1154586,1037314
45,Tianjin,2012,10242,1199,NA,3477,16,2147,2218,NA,3066,10,47248,15536
46,Hebei,2012,132298,28840,NA,7697,5800,55,52339,1595,18486,38350,302116,241473
47,Liaoning Province,2012,644896,94642,NA,111771,19334,44980,202395,4997,10392,48645,1181569,907340
48,Shanghai,2012,11190,NA,NA,158,453,39,9967,22,NA,178,142518,21335
49,Jiangsu Province,2012,341695,2340,NA,33782,62537,18659,123304,2353,53143,28957,611084,548630
50,Zhejiang,2012,2105090,51275,118503,107159,469439,231373,733465,26183,16596,25589,3515828,2883281
51,Fujian Province,2012,1449570,77902,218922,12574,167192,127422,295489,30630,49538,16704,1832147,1813066
52,Shandong,2012,1621157,468605,NA,85476,84263,82983,284270,9341,187485,131295,1547184,2226345
53,Guangdong,2012,1036811,28763,111314,20798,133598,31524,227792,21345,63999,38923,1998291,1373124
54,Guangxi,2012,388278,NA,70580,NA,30933,13711,118088,16843,60391,51364,685954,618121
55,Hainan,2012,898720,13073,42368,16570,144656,10286,41955,13257,27452,1451,1146614,982354
56,Tianjin,2011,8349,443,NA,3077,17,1313,2780,NA,2624,70,47215,13823
57,Hebei,2011,139275,38760,NA,7759,6236,461,58281,3394,16893,26762,309085,241211
58,Liaoning Province,2011,551103,102157,NA,149246,41529,34747,196532,1810,120126,87368,1179879,955275
59,Shanghai,2011,12202,NA,NA,193,475,40,9031,38,NA,178,140576,21411
60,Jiangsu Province,2011,341754,1408,NA,30853,62229,21780,120508,2339,56365,32697,543626,552943
61,Zhejiang,2011,1952559,54284,106660,97252,529633,175671,695187,25172,14763,21589,3466340,2686208
62,Fujian Province,2011,1448938,66008,228438,8233,164638,128056,289443,26223,49885,19818,1797417,1809216
63,Shandong,2011,1544599,292934,NA,76119,79619,77835,299573,8518,209677,140248,1495736,2196459
64,Guangdong,2011,1017061,29565,119149,18139,132140,28619,221478,19447,65946,42906,1988518,1352277
65,Guangxi,2011,389776,NA,68243,NA,31279,13630,110179,16271,59373,59486,724732,618814
66,Hainan,2011,849435,12551,40492,15997,139046,9853,40322,12614,26452,1410,1107086,930000
67,Tianjin,2010,8572,891,NA,1556,24,1594,2766,NA,3892,NA,47125,42828
68,Hebei,2010,136802,31860,NA,7637,5735,NA,54908,3408,18866,29936,311723,240512
69,Liaoning Province,2010,554477,71827,NA,105753,23262,40998,194008,2074,119881,76820,1178513,945334
70,Shanghai,2010,11547,NA,NA,209,395,37,9908,56,NA,163,137883,21618
71,Jiangsu Province,2010,347348,1713,NA,31552,73643,25851,114120,2678,43750,36465,554944,542537
72,Zhejiang,2010,1843858,5604,100097,89623,495985,160212,672831,22413,13254,20159,3595659,2551998
73,Fujian Province,2010,1412312,63820,220778,8069,168188,72237,276208,28460,50927,21120,1834141,1761689
74,Shandong,2010,1514489,299031,NA,87802,103694,44761,315117,8474,260478,121770,1396161,2213631
75,Guangdong,2010,987209,35059,110711,25174,133100,28262,227206,20378,70222,44378,2013815,1339237
76,Guangxi,2010,399580,NA,69025,NA,34172,13620,113549,19787,63451,34103,698608,610683
77,Hainan,2010,824092,12092,39332,15520,134332,9438,38303,11953,25021,1390,1063407,900385
78,Tianjin,2008,9186,1622,NA,2987,25,156,2603,NA,4522,76,42411,16387
79,Hebei,2008,148993,36210,NA,8317,5355,379,63471,3546,19117,9035,310741,240616
80,Liaoning Province,2008,544709,61754,22,99524,12807,75426,206686,5186,123619,88213,1141032,963381
81,Shanghai,2008,8706,NA,NA,164,432,23,10476,25,NA,631,131592,19813
82,Jiangsu Province,2008,358381,2080,1312,32254,79423,35649,110598,1493,40070,36415,566425,546498
83,Zhejiang,2008,1635018,75653,106790,87551,504422,187881,578051,23191,10073,13982,3591151,2239104
84,Fujian Province,2008,1397924,74811,255298,6217,154211,68722,266787,25815,50275,21329,1836887,1739049
85,Shandong,2008,1520119,350583,NA,84125,121514,176055,357540,6681,254093,94445,1348684,2234312
86,Guangdong,2008,1060584,43728,321,18661,144725,24871,200952,21443,58790,39016,1969093,1369071
87,Guangxi,2008,404304,NA,69909,NA,31617,13620,112188,17629,62858,31885,768752,611235
88,Hainan,2008,808002,12280,36162,14865,138190,9855,36420,11578,20342,1283,1034671,878894
89,Beijing,2007,590,NA,NA,NA,NA,NA,NA,NA,NA,NA,2977,590
90,Tianjin,2007,14718,1168,NA,2697,1927,54,2759,865,5959,724,42981,24160
91,Hebei,2007,148993,34914,NA,6923,8249,377,63366,3399,19117,9035,278095,240511
92,Liaoning Province,2007,672716,69925,NA,86360,25349,48082,239212,5959,129252,54291,1075799,1095627
93,Shanghai,2007,116712,NA,NA,137,529,98,12223,1737,NA,4329,140423,133264
94,Jiangsu Province,2007,345599,2136,1564,38903,96347,21202,114998,1756,50224,43742,581860,555808
95,Zhejiang,2007,1610701,59136,68060,78481,361357,110871,603181,28183,11633,16191,3649913,2243219
96,Fujian Province,2007,1486798,77458,232025,7523,178787,62863,256690,27168,56476,25211,1775082,1827708
97,Shandong,2007,1447224,507503,NA,77799,131713,49001,370191,6776,303822,103677,1343997,2234629
98,Guangdong,2007,1114837,38316,167435,17095,160633,27217,222071,24374,63940,9858,2080117,1416439
99,Guangxi,2007,389566,NA,68952,NA,31845,17859,124009,19445,75615,33824,694034,623095
100,Hainan,2007,739973,15972,32680,22925,116375,6197,58884,15560,27579,15788,728946,854095
101,Zhongnong Development Group,2007,135804,NA,NA,NA,38890,NA,2818,17532,NA,NA,NA,138622
102,Tianjin,2006,17470,NA,NA,1883,1725,NA,3680,753,4572,1210,45256,26932
103,Hebei,2006,181682,35909,NA,7762,8992,480,76243,4968,22988,15260,299394,296173
104,Liaoning Province,2006,831683,78450,329,94272,58289,78851,315858,15822,164448,78430,987187,1390419
105,Shanghai,2006,154663,NA,NA,282,2451,3735,14867,1595,NA,893,151572,170423
106,Jiangsu Province,2006,340905,1953,1577,42764,104195,21097,131003,1815,49217,44021,582574,565667
107,Zhejiang,2006,2031496,75559,86492,72911,510532,162123,805693,33781,14020,20602,3476959,2873651
108,Fujian Province,2006,1667567,76553,229347,10986,214550,72894,278543,34432,69372,42052,1827253,2060731
109,Shandong,2006,1550955,646758,NA,75986,155726,68246,413510,25615,367035,83964,1354004,2421906
110,Guangdong,2006,1261173,39774,178085,19071,171894,28398,215785,28381,68890,50620,2077200,1602768
111,Guangxi,2006,512278,NA,87418,NA,42279,22673,141374,21202,96252,37942,693166,787948
112,Hainan,2006,973864,19614,44248,21970,110019,17111,71071,12556,47038,13306,723945,1118699
113,Zhongnong Development Group,2006,134708,NA,NA,NA,39485,NA,3330,13012,NA,5345,NA,143383
114,Tianjin,2005,16860,NA,NA,1578,2021,NA,4593,834,8249,1678,45256,31380
115,Hebei,2005,174533,33289,NA,6401,8163,460,77114,5329,24564,17249,291745,293460
116,Liaoning Province,2005,866018,59650,345,77001,75208,55638,328975,13358,132903,111453,987187,1439349
117,Shanghai,2005,101093,NA,NA,421,7498,6000,15885,3926,NA,7064,119184,124042
118,Jiangsu Province,2005,362355,30400,375,42906,99877,22753,105223,1399,47519,53804,582574,569382
119,Zhejiang,2005,2045379,76332,76443,67167,465858,150975,779685,34210,12677,18216,3476959,2856407
120,Fujian Province,2005,1719925,78702,217801,11281,220882,64349,283221,30396,69937,45662,1705257,2121839
121,Shandong,2005,1614323,708719,NA,90150,125544,55906,399799,16886,368292,87872,1418006,2471399
122,Guangdong,2005,1293172,39798,196653,17227,176767,28762,211905,25930,77330,55961,2088074,1644846
123,Guangxi,2005,523246,NA,86397,NA,44106,22869,136150,19354,100806,35184,693758,795488
124,Hainan,2005,890604,12990,47823,13388,37007,84426,68024,9944,42932,12099,699267,1032410
125,Zhongnong Development Group,2005,121773,NA,NA,NA,21638,1175,1566,4740,NA,23,NA,123362
126,Tianjin,2004,17031,NA,NA,1505,2675,70,5760,833,3868,943,55594,27602
127,Hebei,2004,171189,40577,NA,5375,8805,70,78521,4824,23880,16778,311679,290368
128,Liaoning Province,2004,869992,61063,1418,82919,60700,65377,338157,8798,145120,66118,946418,1419387
129,Shanghai,2004,102453,NA,NA,460,5564,7396,13343,3450,NA,5598,119815,121394
130,Jiangsu Province,2004,364322,5002,2,41317,109460,18470,117727,1611,42076,44289,579110,573131
131,Zhejiang,2004,1976789,97470,71461,75737,552932,179806,760174,50641,12562,119159,3538444,2869134
132,Fujian Province,2004,1705489,77687,208749,9250,220490,54428,284353,36466,82067,50214,1694402,2125580
133,Shandong,2004,1670893,771870,NA,70812,121681,52172,408424,13916,316727,82148,1340346,2480928
134,Guangdong,2004,1285430,34349,200732,15412,185330,30171,212983,20456,81811,49200,2147133,1634531
135,Guangxi,2004,488196,NA,89503,3784,41280,22817,126712,19912,104398,33908,694144,753425
136,Hainan,2004,821698,13698,45839,7895,89991,18014,53968,9028,34359,24180,653557,955198
137,Tianjin,2003,17174,NA,NA,742,1885,NA,6124,359,6555,397,57975,30250
138,Hebei,2003,166949,27951,NA,1173,370,7744,75533,5547,29018,18848,333335,290348
139,Liaoning Province,2003,812333,60475,2625,66819,53343,77752,299086,6812,163880,142495,962999,1417794
140,Shanghai,2003,97824,NA,NA,190,1642,8272,14446,3141,NA,4133,124461,116403
141,Jiangsu Province,2003,354634,3648,527,38406,83110,18989,99318,1025,50220,48158,576767,554164
142,Zhejiang,2003,2041436,101822,91794,71906,531009,135120,732726,41857,18533,52152,3646854,2845455
143,Fujian Province,2003,1670895,85132,213494,6129,202995,66393,310287,27583,76024,57667,1497288,2118008
144,Shandong,2003,1786175,968613,NA,73183,99252,52359,419754,13231,235333,100440,1475640,2544330
145,Guangdong,2003,1391858,40475,236221,13117,184700,30551,202804,21119,82596,54897,2187373,1738355
146,Guangxi,2003,549316,NA,90454,1779,36651,25098,111460,23746,105719,40046,682132,806565
147,Hainan,2003,757138,14272,36999,6365,69900,14104,47080,6774,38285,15431,591899,872843
148,Tianjin,2002,16333,810,NA,1840,NA,NA,6780,NA,NA,2,65372,23115
149,Hebei,2002,170554,24208,NA,7465,9741,156,77052,10127,NA,22874,356623,270480
150,Liaoning Province,2002,821914,74634,NA,50682,28271,82563,332098,14407,NA,136775,1042693,1290787
151,Shanghai,2002,32621,NA,NA,308,1220,5640,16611,2375,NA,323,191284,49555
152,Jiangsu Province,2002,379723,5069,1785,38927,73887,7898,113801,4235,NA,47343,662377,542081
153,Zhejiang,2002,2148827,54091,41370,82836,550098,102553,806406,50109,NA,3651,4154461,2960934
154,Fujian Province,2002,1636724,67150,195001,7012,182418,77885,300737,37724,NA,41975,1790252,1980834
155,Shandong,2002,1738959,917467,NA,68566,133417,67391,504391,14910,NA,87940,1577156,2332053
156,Guangdong,2002,1400779,28619,260649,NA,169193,321,218125,36865,NA,59970,2370675,1684869
157,Guangxi,2002,554049,40,71933,NA,45502,23121,114627,33482,NA,33979,592595,702665
158,Hainan,2002,648239,1108,32277,2821,69984,11457,43607,7998,NA,17238,598041,727370
159,Tianjin,2001,14377,NA,NA,398,70,33,6915,32,NA,177,69515,21469
160,Hebei,2001,174741,23030,NA,8109,13417,1657,78262,7606,NA,27013,374624,280016
161,Liaoning Province,2001,773536,79676,NA,45599,20997,69933,342965,17629,NA,164045,1002378,1280546
162,Shanghai,2001,50996,NA,NA,200,1219,9288,22193,38,NA,736,174816,73925
163,Jiangsu Province,2001,402978,74216,234,42202,84836,8041,113008,2830,NA,40847,644516,559753
164,Zhejiang,2001,2197821,77359,26853,77085,594804,98526,822493,54487,NA,10379,4119418,3032236
165,Fujian Province,2001,1595493,84652,192321,5520,186527,56850,309033,46378,NA,40098,1727404,1945938
166,Shandong,2001,1767976,873256,NA,63243,90017,53679,501450,12226,NA,79971,1527313,2350230
167,Guangdong,2001,1430772,47371,193494,NA,156543,321,218057,34227,NA,54744,2280576,1708772
168,Guangxi,2001,549544,NA,103516,NA,39545,27107,116279,38991,NA,40524,533599,706347
169,Hainan,2001,584583,1152,28310,2969,61675,10497,32039,4497,NA,13684,549349,645184
170,Tianjin,2000,10346,NA,NA,799,NA,NA,8430,NA,NA,230,66441,19006
171,Hebei,2000,177272,33945,NA,7956,13534,6343,67125,6379,NA,28299,330694,272696
172,Liaoning Province,2000,747392,103599,NA,43144,24414,46189,364289,49081,NA,140185,967303,1251867
173,Shanghai,2000,NA,NA,NA,NA,NA,NA,20.224,42,NA,1227,175587,1247.224
174,Jiangsu Province,2000,425922,6256,114,43485,85056,19362,116339,2048,NA,35756,750472,578644
175,Zhejiang,2000,2224461,59121,14867,106936,649108,63274,867855,53219,NA,6634,4020998,3100465
176,Fujian Province,2000,1566776,98436,159813,8733,173578,52789,314919,57263,NA,38527,1734042,1920946
177,Shandong,2000,2050176,789434,164,68457,93446,69042,498805,15249,NA,88849,1416817,2638771
178,Guangdong,2000,1482532,47494,212309,NA,147095,321,209215,29490,NA,49404,2258358,1746200
179,Guangxi,2000,564671,2896,94880,NA,43367,27027,126506,39756,NA,45112,509611,736304
180,Hainan,2000,NA,1703,20142,NA,NA,NA,30998,3431,NA,10353,496760,52908
181,Tianjin,1999,9311,81,NA,115,800,NA,10729,NA,NA,411,57274,20451
182,Hebei,1999,171140,20602,NA,3640,10542,8,71514,7934,NA,30341,338483,272995
183,Liaoning Province,1999,833872,85198,NA,37815,30223,52499,310010,2925,NA,200407,891422,1344289
184,Shanghai,1999,NA,NA,NA,NA,NA,NA,20657,51,NA,1362,173271,22019
185,Jiangsu Province,1999,460844,4392,56,41525,83777,37842,111455,9298,NA,53782,743745,628332
186,Zhejiang,1999,2210503,84313,15027,85864,586125,70466,855528,63213,NA,9267,3684936,3076658
187,Fujian Province,1999,1591686,86124,214341,10151,173227,59691,274403,48651,NA,43432,1724995,1910009
188,Shandong,1999,2286573,783220,NA,58434,94275,68193,503607,13181,NA,106164,1356990,2896803
189,Guangdong,1999,1491008,21676,186980,NA,127060,321,205850,32630,NA,59250,2241062,1761707
190,Guangxi,1999,581234,1966,73742,NA,60085,27217,116028,30148,NA,39828,493090,737090
191,Hainan,1999,444642,9344,12444,2520,40057,11017,21456,2744,NA,7615,475441,485111
192,Tianjin,1998,9943,NA,NA,NA,500,412,8868,NA,NA,380,52760,19191
193,Hebei,1998,145691,24925,NA,3165,130,43,72171,NA,NA,24516,299614,242378
194,Liaoning Province,1998,842748,108463,NA,22885,15508,67301,299557,NA,NA,243812,749541,1386117
195,Shanghai,1998,68326,NA,NA,333,1744,17088,22156,NA,NA,3125,176059,93607
196,Jiangsu Province,1998,454244,5453,334,37638,86017,34437,115016,NA,NA,27450,718641,596770
197,Zhejiang,1998,2258447,219606,1244,70142,570516,59772,795159,NA,NA,6708,3548041,3061674
198,Fujian Province,1998,1564336,96095,220181,7604,146719,58988,254009,NA,NA,72686,1684193,1893566
199,Shandong,1998,2241277,870128,NA,45376,94027,43323,462592,NA,NA,134092,1365159,2838749
200,Guangdong,1998,1474234,34501,222903,NA,145999,321,208349,NA,NA,56593,2270689,1745130
201,Guangxi,1998,556081,1693,80631,NA,28094,28998,113851,NA,NA,24829,477754,694761
202,Hainan,1998,386553,12464,7693,4708,34106,8012,17916,NA,NA,8792,459041,419616
203,Beijing,1997,NA,NA,NA,NA,NA,NA,NA,NA,NA,NA,NA,0
204,Tianjin,1997,13702,25,NA,NA,1000,NA,7139,4235,NA,64,45213,20905
205,Hebei,1997,110549,20955,135,NA,197,93,58714,10573,NA,36427,298542,205690
206,Liaoning Province,1997,717279,133541,NA,13430,9587,67759,270138,3066,NA,110048,714977,1098712
207,Shanghai,1997,112308,NA,NA,381,2706,25521,22160,13,NA,1421,173522,135889
208,Jiangsu Province,1997,393495,12299,5,32121,76733,13830,92361,8820,NA,109368,753474,595224
209,Zhejiang,1997,1943192,37473,18868,49670,528764,101548,746330,46550,NA,12411,3237769,2703263
210,Fujian Province,1997,1480206,96923,155933,4936,140115,50538,253661,61801,NA,83106,1624008,1819990
211,Shandong,1997,2104533,870862,5,36769,51156,321,323246,12440,NA,145710,1248374,2574035
212,Guangdong,1997,1407671,18433,251149,NA,112542,74405,181511,26188,NA,72103,2194027,1667649
213,Guangxi,1997,514845,1758,71873,NA,43962,18611,120516,23536,NA,36271,489830,671632
214,Hainan,1997,345664,9695,8023,5374,32836,6339,15363,6575,NA,10573,439033,377523
215,Tianjin,1996,14234,1743,NA,NA,2300,15,7965,2270,NA,222,51424,22421
216,Hebei,1996,76783,1234,NA,25,30,460,60706,7230,NA,17924,260512,155413
217,Liaoning Province,1996,666719,84554,NA,9263,6535,53066,207649,11116,NA,33532,658302,911718
218,Shanghai,1996,106160,NA,73,399,2282,23355,20373,31,NA,2233,171021,128766
219,Jiangsu Province,1996,363263,4446,102,45989,113105,6527,99242,4716,NA,82083,662053,544647
220,Zhejiang,1996,1722778,1553,19778,48589,495265,83712,702328,32593,NA,10509,3208747,2436782
221,Fujian Province,1996,1435182,11199,233332,NA,116554,60548,198396,46110,NA,14942,1559976,1649612
222,Shandong,1996,1218473,537437,38556,43851,50457,67089,350915,10921,NA,120301,1185967,1689980
223,Guangdong,1996,1421242,17767,244698,NA,88968,321,174809,24219,NA,46609,2152087,1646626
224,Guangxi,1996,434234,2489,63151,NA,14414,17390,79597,20038,NA,39456,442490,553303
225,Hainan,1996,318314,8954,7996,5366,32004,6815,14951,7075,NA,11001,402484,349020
226,Tianjin,1995,13155,NA,NA,6,2994,NA,6642,1300,4168,102,46439,24067
227,Hebei,1995,73040,278,134,922,79,395,NA,933,23916,9239,238912,106195
228,Liaoning Province,1995,477704,66395,NA,6309,6939,47966,NA,14773,161533,56813,633231,697126
229,Shanghai,1995,133640,NA,198,1727,4462,321,18182,137,6923,3045,150228,161790
230,Jiangsu Province,1995,332633,4192,NA,40575,142971,38740,102824,3188,89162,42459,582889,567078
231,Zhejiang,1995,1651579,9367,9459,33608,579850,80298,656011,80874,154285,7175,2959239,2470182
232,Fujian Province,1995,1323546,18298,211416,NA,121901,38934,174976,57371,102419,18673,1499981,1619996
233,Shandong,1995,1111641,354741,NA,66400,50135,77497,284464,11791,153425,68239,1061762,1618119
234,Guangdong,1995,1363357,26817,217994,NA,90723,42582,147269,23323,66546,33405,1868861,1614186
235,Guangxi,1995,388003,3232,69033,NA,8905,14015,59505,14616,44779,5870,377828,498192
236,Hainan,1995,295737,5026,7064,3501,30725,6736,12480,5536,19573,8737,381369,340580
237,Beijing,1994,NA,NA,NA,NA,NA,NA,NA,NA,NA,NA,NA,0
238,Tianjin,1994,10115,NA,NA,78,800,15,6465,480,2942,21,52011,19543
239,Hebei,1994,58824,17,207,NA,52,585,50924,62,15110,12525,239332,137383
240,Shanxi,1994,NA,NA,NA,NA,NA,NA,NA,NA,NA,NA,NA,0
241,Shanxi,1994,NA,NA,NA,NA,NA,NA,NA,NA,NA,NA,NA,0
242,Inner Mongolia,1994,NA,NA,NA,NA,NA,NA,NA,NA,NA,NA,NA,0
243,Liaoning Province,1994,403376,62849,NA,4265,5438,46041,163258,3844,152530,25107,585483,747749
244,Jilin,1994,NA,NA,NA,NA,NA,NA,NA,NA,NA,NA,NA,0
245,Heilongjiang,1994,NA,NA,NA,NA,NA,NA,NA,NA,NA,NA,NA,0
246,Shanghai,1994,119647,NA,770,2343,8240,321,23680,3155,3155,756,162576,147238
247,Jiangsu Province,1994,315309,7218,NA,25640,117079,16589,94565,2636,45620,9402,495919,465000
248,Zhejiang,1994,1219735,2878,6846,22502,435650,56436,598395,65941,92735,64189,2286647,1976035
249,Anhui,1994,NA,NA,NA,NA,NA,NA,NA,NA,NA,NA,NA,0
250,Fujian Province,1994,1165344,49290,164165,NA,93248,90428,167522,48882,83448,25592,1275574,1443566
251,Jiangxi Province,1994,NA,NA,NA,NA,NA,NA,NA,NA,NA,NA,NA,0
252,Shandong,1994,1095891,266800,NA,44779,40878,34832,281593,10528,168264,62045,911975,1608172
253,Henan,1994,NA,NA,NA,NA,NA,NA,NA,NA,NA,NA,NA,0
254,Hubei,1994,NA,NA,NA,NA,NA,NA,NA,NA,NA,NA,NA,0
255,Hunan,1994,NA,NA,NA,NA,NA,NA,NA,NA,NA,NA,NA,0
256,Guangdong,1994,1262562,43437,183748,NA,74047,58931,151929,22496,67728,21392,1688464,1505822
257,Guangxi,1994,295235,1870,68933,NA,6572,6190,45309,10877,44661,11221,328262,396513
258,Hainan,1994,268943,4596,6191,3369,26140,6190,13533,4150,17123,8090,367864,313896
259,Sichuan Province,1994,NA,NA,NA,NA,NA,NA,NA,NA,NA,NA,NA,0
260,Guizhou,1994,NA,NA,NA,NA,NA,NA,NA,NA,NA,NA,NA,0
261,Yunnan,1994,NA,NA,NA,NA,NA,NA,NA,NA,NA,NA,NA,0
262,Tibet,1994,NA,NA,NA,NA,NA,NA,NA,NA,NA,NA,NA,0
263,Shanxi Province,1994,NA,NA,NA,NA,NA,NA,NA,NA,NA,NA,NA,0
264,Gansu Province,1994,NA,NA,NA,NA,NA,NA,NA,NA,NA,NA,NA,0
265,Qinghai,1994,NA,NA,NA,NA,NA,NA,NA,NA,NA,NA,NA,0
266,Ningxia,1994,NA,NA,NA,NA,NA,NA,NA,NA,NA,NA,NA,0
267,Xinjiang,1994,NA,NA,NA,NA,NA,NA,NA,NA,NA,NA,NA,0
268,NA,1994,NA,NA,NA,NA,NA,NA,NA,NA,NA,NA,NA,0
269,Tianjin,1993,9955,NA,NA,165,1864,59,5546,2,2113,28,57581,17642
270,Hebei,1993,46215,23,NA,550,182,214,46923,1000,15848,19763,230983,128749
271,Liaoning Province,1993,347594,55702,NA,4383,3012,30226,140261,5174,145143,25246,574038,659351
272,Shanghai,1993,106583,NA,333,1499,12407,25599,13596,2542,2542,1025,175339,123746
273,Jiangsu Province,1993,263171,24980,NA,11747,76400,17110,68332,2883,62802,23383,486558,417893
274,Zhejiang,1993,890247,6945,9053,12731,330614,74305,407602,38358,44569,26879,2145386,1370153
275,Fujian Province,1993,1032955,230104,NA,NA,80278,34339,133285,19984,46694,7917,1188882,1222372
276,Shandong,1993,962193,192218,NA,44724,29575,28276,280781,6681,239439,73154,945581,1555657
277,Guangdong,1993,1159580,41355,198757,NA,72510,321,139618,29068,71207,20474,1648661,1392885
278,Guangxi,1993,241179,1202,45038,NA,3035,2994,35409,9816,20711,5635,297607,303006
279,Hainan,1993,237537,4708,7511,2512,21438,6072,10813,3028,13335,8662,355977,276915
280,Beijing,1992,NA,NA,NA,NA,NA,NA,NA,NA,NA,NA,NA,0
281,Tianjin,1992,10601,NA,NA,17,485,1421,4420,2,1436,5791,52481,22248
282,Hebei,1992,46121,2500,NA,15,593,52,35584,72,9904,89511,228361,181120
283,Shanxi,1992,NA,NA,NA,NA,NA,NA,NA,NA,NA,NA,NA,0
284,Shanxi,1992,NA,NA,NA,NA,NA,NA,NA,NA,NA,NA,NA,0
285,Inner Mongolia,1992,NA,NA,NA,NA,NA,NA,NA,NA,NA,NA,NA,0
286,Liaoning Province,1992,319665,40436,NA,3132,11301,29095,122156,1203,91317,35051,570569,571143
287,Jilin,1992,NA,NA,NA,NA,NA,NA,NA,NA,NA,NA,NA,0
288,Heilongjiang,1992,NA,NA,NA,NA,NA,NA,NA,NA,NA,NA,NA,0
289,Shanghai,1992,111615,NA,252,1900,15392,2469,17453,2331,2331,77,168224,131476
290,Jiangsu Province,1992,253835,2222,NA,8228,75482,13843,52921,2779,53507,18956,470549,379403
291,Zhejiang,1992,845802,3835,2249,13386,332870,56369,361197,12453,19359,1397,2067558,1228638
292,Anhui,1992,NA,NA,NA,NA,NA,NA,NA,NA,NA,NA,NA,0
293,Fujian Province,1992,907976,NA,210364,NA,87562,30370,94486,13516,36321,3264,1140679,1042233
294,Jiangxi Province,1992,NA,NA,NA,NA,NA,NA,NA,NA,NA,NA,NA,0
295,Shandong,1992,926300,117115,NA,34232,32485,27027,206478,6236,163653,87928,902011,1384628
296,Henan,1992,NA,NA,NA,NA,NA,NA,NA,NA,NA,NA,NA,0
297,Hubei,1992,NA,NA,NA,NA,NA,NA,NA,NA,NA,NA,NA,0
298,Hunan,1992,NA,NA,NA,NA,NA,NA,NA,NA,NA,NA,NA,0
299,Guangdong,1992,1093413,21481,140024,NA,63838,49869,120789,24376,55430,20787,1619518,1298510
300,Guangxi,1992,211392,50,34819,NA,1885,5556,32395,4277,8396,8313,287896,260625
301,Hainan,1992,195808,5081,4313,2137,20043,4070,10975,2104,4435,3525,322721,217290
302,Sichuan Province,1992,NA,NA,NA,NA,NA,NA,NA,NA,NA,NA,NA,0
303,Guizhou,1992,NA,NA,NA,NA,NA,NA,NA,NA,NA,NA,NA,0
304,Yunnan,1992,NA,NA,NA,NA,NA,NA,NA,NA,NA,NA,NA,0
305,Shanxi Province,1992,NA,NA,NA,NA,NA,NA,NA,NA,NA,NA,NA,0
306,Gansu Province,1992,NA,NA,NA,NA,NA,NA,NA,NA,NA,NA,NA,0
307,Qinghai,1992,NA,NA,NA,NA,NA,NA,NA,NA,NA,NA,NA,0
308,Ningxia,1992,NA,NA,NA,NA,NA,NA,NA,NA,NA,NA,NA,0
309,Xinjiang,1992,NA,NA,NA,NA,NA,NA,NA,NA,NA,NA,NA,0
310,Beijing,1991,NA,NA,NA,NA,NA,NA,NA,NA,NA,NA,NA,0
311,Tianjin,1991,14809,NA,NA,NA,905,2327,6551,55,2441,902,54652,24703
312,Hebei,1991,49552,473,NA,32,891,944,43195,256,9264,30031,223831,132042
313,Shanxi,1991,NA,NA,NA,NA,NA,NA,NA,NA,NA,NA,NA,0
314,Shanxi,1991,NA,NA,NA,NA,NA,NA,NA,NA,NA,NA,NA,0
315,Inner Mongolia,1991,NA,NA,NA,NA,NA,NA,NA,NA,NA,NA,NA,0
316,Liaoning Province,1991,294806,26666,NA,3718,8490,25989,110159,1620,73248,34757,547453,514277
317,Jilin,1991,NA,NA,NA,NA,NA,NA,NA,NA,NA,NA,NA,0
318,Heilongjiang,1991,NA,NA,NA,NA,NA,NA,NA,NA,NA,NA,NA,0
319,Shanghai,1991,159812,NA,375,2036,13618,321,17663,461,461,15,171451,177951
320,Jiangsu Province,1991,26607,2558,NA,7993,76406,19805,54620,2059,25856,13310,423834,120496
321,Zhejiang,1991,749980,15634,2209,6932,280559,67921,313503,10387,14606,3935,1826779,1083267
322,Anhui,1991,NA,NA,NA,NA,NA,NA,NA,NA,NA,NA,NA,0
323,Fujian Province,1991,833823,NA,195128,NA,82372,21972,81778,12244,29245,2674,1068109,947769
324,Jiangxi Province,1991,NA,NA,NA,NA,NA,NA,NA,NA,NA,NA,NA,0
325,Shandong,1991,769029,38798,NA,24669,25078,14966,201392,10349,130877,37019,839838,1138436
326,Henan,1991,NA,NA,NA,NA,NA,NA,NA,NA,NA,NA,NA,0
327,Hubei,1991,NA,NA,NA,NA,NA,NA,NA,NA,NA,NA,NA,0
328,Guangdong,1991,1009916,23871,178709,NA,NA,NA,NA,NA,NA,NA,1553524,1009916
329,Guangxi,1991,NA,NA,NA,NA,NA,NA,105656,19881,48247,26174,264881,181942
330,Hainan,1991,181884,110,38812,NA,50922,23757,23109,9739,13815,3454,267791,222279
331,Sichuan Province,1991,149007,4940,4616,1778,2932,15229,10400,1895,2746,2450,NA,167280
332,Guizhou,1991,NA,NA,NA,NA,NA,NA,NA,NA,NA,NA,NA,0
333,Yunnan,1991,NA,NA,NA,NA,NA,NA,NA,NA,NA,NA,NA,0
334,Tibet,1991,NA,NA,NA,NA,NA,NA,NA,NA,NA,NA,NA,0
335,Shanxi Province,1991,NA,NA,NA,NA,NA,NA,NA,NA,NA,NA,NA,0
336,Gansu Province,1991,NA,NA,NA,NA,NA,NA,NA,NA,NA,NA,NA,0
337,Qinghai,1991,NA,NA,NA,NA,NA,NA,NA,NA,NA,NA,NA,0
338,Ningxia,1991,NA,NA,NA,NA,NA,NA,NA,NA,NA,NA,NA,0
339,Xinjiang,1991,NA,NA,NA,NA,NA,NA,NA,NA,NA,NA,NA,0
340,Beijing,1990,NA,NA,NA,NA,NA,NA,NA,NA,NA,NA,NA,0
341,Tianjin,1990,22430,NA,NA,NA,1860,850,5416,32,1310,135,47725,29291
342,Hebei,1990,61772,NA,107,22,1094,286,42230,123,14173,14326,230142,132501
343,Shanxi,1990,NA,NA,NA,NA,NA,NA,NA,NA,NA,NA,NA,0
344,Shanxi,1990,NA,NA,NA,NA,NA,NA,NA,NA,NA,NA,NA,0
345,Inner Mongolia,1990,NA,NA,NA,NA,NA,NA,NA,NA,NA,NA,NA,0
346,Liaoning Province,1990,303380,27258,NA,3447,13616,16596,111563,3035,63459,12233,469336,493089
347,Jilin,1990,NA,NA,NA,NA,NA,NA,NA,NA,NA,NA,NA,0
348,Heilongjiang,1990,NA,NA,NA,NA,NA,NA,NA,NA,NA,NA,NA,0
349,Shanghai,1990,148627,NA,3612,1098,14516,321,16622,1593,1593,32,142833,166874
350,Jiangsu Province,1990,206967,918,NA,5382,57135,12835,51721,1671,31416,16616,376145,306824
351,Zhejiang,1990,717246,22,1945,2742,238679,59290,257313,14792,16589,2306,1777506,993774
352,Anhui,1990,NA,NA,NA,NA,NA,NA,NA,NA,NA,NA,NA,0
353,Fujian Province,1990,713432,NA,129581,NA,76404,13315,81923,10932,30525,3584,953912,829691
354,Jiangxi Province,1990,NA,NA,NA,NA,NA,NA,NA,NA,NA,NA,NA,0
355,Shandong,1990,704117,15530,NA,9797,21296,12737,187648,11829,133760,7090,723892,1032683
356,Henan,1990,NA,NA,NA,NA,NA,NA,NA,NA,NA,NA,NA,0
357,Hubei,1990,NA,NA,NA,NA,NA,NA,NA,NA,NA,NA,NA,0
358,Hunan,1990,NA,NA,NA,NA,NA,NA,NA,NA,NA,NA,NA,0
359,Guangdong,1990,942163,5974,206559,NA,53281,28511,94230,19333,45754,23469,1446015,1107413
360,Guangxi,1990,165201,90,40479,NA,4610,18987,24083,4916,9479,554,238586,199324
361,Hainan,1990,126625,4348,5613,970,15242,3065,8623,1071,2917,2053,223098,141351
362,Sichuan Province,1990,NA,NA,NA,NA,NA,NA,NA,NA,NA,NA,NA,0
363,Guizhou,1990,NA,NA,NA,NA,NA,NA,NA,NA,NA,NA,NA,0
364,Yunnan,1990,NA,NA,NA,NA,NA,NA,NA,NA,NA,NA,NA,0
365,Shanxi Province,1990,NA,NA,NA,NA,NA,NA,NA,NA,NA,NA,NA,0
366,Gansu Province,1990,NA,NA,NA,NA,NA,NA,NA,NA,NA,NA,NA,0
367,Qinghai,1990,NA,NA,NA,NA,NA,NA,NA,NA,NA,NA,NA,0
368,Ningxia,1990,NA,NA,NA,NA,NA,NA,NA,NA,NA,NA,NA,0
369,Xinjiang,1990,NA,NA,NA,NA,NA,NA,NA,NA,NA,NA,NA,0
370,Beijing,1989,NA,NA,NA,NA,NA,NA,8534,4163,8637,1359,NA,18530
371,Tianjin,1989,14209,NA,NA,NA,1875,129,NA,NA,NA,NA,51617,14209
372,Hebei,1989,10693,NA,NA,29,1565,28,44,48,48,8,226902,10793
373,Shanxi,1989,NA,NA,NA,NA,NA,NA,33,70,70,20,NA,123
374,Shanxi,1989,NA,NA,NA,NA,NA,NA,33,70,70,20,NA,123
375,Inner Mongolia,1989,NA,NA,NA,NA,NA,NA,NA,NA,NA,NA,NA,0
376,Liaoning Province,1989,130738,150,NA,862,13545,25732,NA,NA,NA,NA,450217,130738
377,Jilin,1989,NA,NA,NA,NA,NA,NA,6460,1012,2008,338,NA,8806
378,Heilongjiang,1989,NA,NA,NA,NA,NA,NA,NA,NA,NA,NA,NA,0
379,Shanghai,1989,161306,NA,765,564,12305,321,NA,NA,NA,NA,130570,161306
380,Jiangsu Province,1989,57794,25,NA,655,12285,11932,155,350,350,NA,386083,58299
381,Zhejiang,1989,147529,NA,NA,39,11788,NA,480,869,869,NA,1575692,148878
382,Anhui,1989,NA,NA,NA,NA,NA,26169,166,154,155,NA,NA,321
383,Fujian Province,1989,30665,NA,2284,NA,3410,NA,NA,NA,NA,NA,883978,30665
384,Jiangxi Province,1989,NA,NA,NA,NA,NA,NA,98,111,111,NA,NA,209
385,Shandong,1989,134372,40,NA,770,7414,NA,NA,NA,NA,NA,692248,134372
386,Henan,1989,NA,NA,NA,NA,NA,8846,963,817,4294,9,NA,5266
387,Hubei,1989,NA,NA,NA,NA,NA,NA,NA,NA,NA,NA,NA,0
388,Hunan,1989,NA,NA,NA,NA,NA,NA,NA,NA,NA,NA,NA,0
389,Guangdong,1989,32103,90,6431,NA,1457,NA,NA,NA,NA,NA,1348396,32103
390,Guangxi,1989,11876,NA,1523,NA,24,196,43,640,640,984,206898,13543
391,Hainan,1989,6671,NA,1129,579,125,47,101,84,NA,NA,196005,6772
392,Sichuan Province,1989,NA,NA,NA,NA,NA,23,NA,8,NA,NA,NA,0
393,Guizhou,1989,NA,NA,NA,NA,NA,NA,NA,NA,NA,NA,NA,0
394,Yunnan,1989,NA,NA,NA,NA,NA,NA,NA,NA,NA,NA,NA,0
395,Shanxi Province,1989,NA,NA,NA,NA,NA,NA,NA,NA,NA,NA,NA,0
396,Gansu Province,1989,NA,NA,NA,NA,NA,NA,NA,NA,NA,NA,NA,0
397,Qinghai,1989,NA,NA,NA,NA,NA,NA,NA,NA,NA,NA,NA,0
398,Ningxia,1989,NA,NA,NA,NA,NA,NA,NA,NA,NA,NA,NA,0
399,Xinjiang,1989,NA,NA,NA,NA,NA,NA,NA,NA,NA,NA,NA,0
400,NA,1989,NA,NA,NA,NA,NA,NA,NA,NA,NA,NA,NA,0
401,NA,1989,NA,NA,NA,NA,NA,NA,NA,NA,NA,NA,NA,0
402,NA,1989,NA,NA,NA,NA,NA,NA,NA,NA,NA,NA,NA,0
403,NA,1989,NA,NA,NA,NA,NA,NA,NA,NA,NA,NA,NA,0
404,Beijing,1988,NA,NA,NA,NA,NA,NA,NA,NA,NA,NA,NA,0
405,Tianjin,1988,20155,NA,NA,203,3087,588,4882,201,1568,NA,44166,26605
406,Hebei,1988,71185,NA,NA,406,1686,570,41181,311,9228,NA,203297,121594
407,Hebei,1988,71185,NA,NA,406,1686,570,41181,311,9228,NA,NA,121594
408,Shanxi,1988,NA,NA,NA,NA,NA,NA,NA,NA,NA,NA,NA,0
409,Shanxi,1988,NA,NA,NA,NA,NA,NA,NA,NA,NA,NA,NA,0
410,Inner Mongolia,1988,NA,NA,NA,NA,NA,NA,NA,NA,NA,NA,NA,0
411,Liaoning Province,1988,318324,NA,NA,1376,11411,34175,106915,4508,29844,NA,386755,455549
412,Jilin,1988,NA,NA,NA,NA,NA,NA,NA,NA,NA,NA,NA,0
413,Jiang,1988,NA,NA,NA,NA,NA,NA,NA,NA,NA,NA,NA,0
414,Shanghai,1988,140682,NA,439,1298,13597,42308,14955,395,NA,NA,117185,155637
415,Jiangsu Province,1988,178790,NA,NA,7428,39465,15180,57161,5164,20118,NA,299688,256069
416,Zhejiang,1988,641105,NA,NA,1476,188134,87942,276856,8102,1860,NA,1403357,919849
417,Anhui,1988,NA,NA,NA,NA,NA,NA,NA,NA,NA,NA,NA,0
418,Fujian Province,1988,602637,NA,123579,52553,NA,27199,79540,4960,13788,NA,785971,696276
419,Jiangxi Province,1988,NA,NA,NA,NA,NA,NA,NA,NA,NA,NA,NA,0
420,Shandong,1988,562290,NA,NA,11377,18234,16912,156087,18552,91040,NA,623675,809820
421,Henan,1988,NA,NA,NA,NA,NA,NA,NA,NA,NA,NA,NA,0
422,Hubei,1988,NA,NA,NA,NA,NA,NA,NA,NA,NA,NA,NA,0
423,Hunan,1988,NA,NA,NA,NA,NA,NA,NA,NA,NA,NA,NA,0
424,Guangdong,1988,792422,NA,85629,30265,NA,8889,74822,26189,27576,NA,1206406,899017
425,Guangxi,1988,145287,NA,31776,241,NA,6063,14188,4430,2441,NA,182667,161926
426,Hainan,1988,98450,NA,9747,390,7057,873,4530,567,2034,NA,172048,105957
427,Sichuan Province,1988,NA,NA,NA,NA,NA,NA,NA,NA,NA,NA,NA,0
428,Guizhou,1988,NA,NA,NA,NA,NA,NA,NA,NA,NA,NA,NA,0
429,Yunnan,1988,NA,NA,NA,NA,NA,NA,NA,NA,NA,NA,NA,0
430,Tibet,1988,NA,NA,NA,NA,NA,NA,NA,NA,NA,NA,NA,0
431,Shanxi Province,1988,NA,NA,NA,NA,NA,NA,NA,NA,NA,NA,NA,0
432,Gansu Province,1988,NA,NA,NA,NA,NA,NA,NA,NA,NA,NA,NA,0
433,Qinghai,1988,NA,NA,NA,NA,NA,NA,NA,NA,NA,NA,NA,0
434,Ningxia,1988,NA,NA,NA,NA,NA,NA,NA,NA,NA,NA,NA,0
435,Xinjiang,1988,NA,NA,NA,NA,NA,NA,NA,NA,NA,NA,NA,0
436,total,1988,NA,NA,NA,NA,NA,NA,NA,NA,NA,NA,NA,0
437,Beijing,1987,NA,NA,NA,NA,NA,NA,NA,NA,NA,NA,NA,0
438,Tianjin,1987,22583,NA,NA,4,2748,223,4666,54,898,NA,32197,28147
439,Hebei,1987,72345,NA,NA,192,1546,195,31457,255,10606,NA,175167,114408
440,Shanxi,1987,NA,NA,NA,NA,NA,NA,NA,NA,NA,NA,NA,0
441,Inner Mongolia,1987,NA,NA,NA,NA,NA,NA,NA,NA,NA,NA,NA,0
442,Liaoning Province,1987,307118,NA,NA,1595,17161,28890,99599,3009,30958,NA,355831,437732
443,Jilin,1987,NA,NA,NA,NA,NA,NA,NA,NA,NA,NA,NA,0
444,Jiang,1987,NA,NA,NA,NA,NA,NA,NA,NA,NA,NA,NA,0
445,Shanghai,1987,160842,NA,222,1357,20437,25020,13213,267,NA,NA,110781,174055
446,Jiangsu Province,1987,187198,NA,NA,2101,34552,17419,46762,3522,16633,NA,238612,250593
447,Zhejiang,1987,691248,NA,NA,1980,220368,62730,216588,12906,1819,NA,1184973,909762
448,Anhui,1987,NA,NA,NA,NA,NA,NA,NA,NA,NA,NA,NA,0
449,Fujian Province,1987,588103,NA,152558,NA,44727,20794,85150,5734,10796,NA,691967,684354
450,Jiangxi Province,1987,NA,NA,NA,NA,NA,NA,NA,NA,NA,NA,NA,0
451,Shandong,1987,505208,NA,NA,12914,17376,4378,131024,13029,80813,NA,556475,717588
452,Henan,1987,NA,NA,NA,NA,NA,NA,NA,NA,NA,NA,NA,0
453,Hubei,1987,NA,NA,NA,NA,NA,NA,NA,NA,NA,NA,NA,0
454,Hunan,1987,NA,NA,NA,NA,NA,NA,NA,NA,NA,NA,NA,0
455,Guangdong,1987,798855,NA,168467,NA,34486,NA,72472,16826,22976,NA,1165785,896253
456,Guangxi,1987,134080,NA,23506,NA,205,6384,13717,4421,2315,NA,162296,150118
457,Sichuan Province,1987,NA,NA,NA,NA,NA,NA,NA,NA,NA,NA,NA,0
458,Guizhou,1987,NA,NA,NA,NA,NA,NA,NA,NA,NA,NA,NA,0
459,Yunnan,1987,NA,NA,NA,NA,NA,NA,NA,NA,NA,NA,NA,0
460,Tibet,1987,NA,NA,NA,NA,NA,NA,NA,NA,NA,NA,NA,0
461,Shanxi Province,1987,NA,NA,NA,NA,NA,NA,NA,NA,NA,NA,NA,0
462,Gansu Province,1987,NA,NA,NA,NA,NA,NA,NA,NA,NA,NA,NA,0
463,Qinghai,1987,NA,NA,NA,NA,NA,NA,NA,NA,NA,NA,NA,0
464,Ningxia,1987,NA,NA,NA,NA,NA,NA,NA,NA,NA,NA,NA,0
465,Xinjiang,1987,NA,NA,NA,NA,NA,NA,NA,NA,NA,NA,NA,0
466,Beijing,1986,NA,NA,NA,NA,NA,NA,NA,NA,NA,NA,NA,0
467,Tianjin,1986,18297,NA,NA,5,2789,126,4655,66,5826,NA,36854,28778
468,Hebei,1986,60474,NA,NA,7,836,37,38711,160,10580,NA,154288,109765
469,Shanxi,1986,NA,NA,NA,NA,NA,NA,NA,NA,NA,NA,NA,0
470,Inner Mongolia,1986,NA,NA,NA,NA,NA,NA,NA,NA,NA,NA,NA,0
471,Liaoning Province,1986,276086,NA,NA,2492,25213,16896,88146,3885,22927,NA,335906,387310
472,Jilin,1986,NA,NA,NA,NA,NA,NA,NA,NA,NA,NA,NA,0
473,Jiang,1986,NA,NA,NA,NA,NA,NA,NA,NA,NA,NA,NA,0
474,Shanghai,1986,148837,NA,186,3981,28610,26018,12073,321,NA,NA,107729,160910
475,Jiangsu Province,1986,184488,NA,NA,1841,32458,14256,27906,3672,26890,NA,227139,241590
476,Zhejiang,1986,647555,NA,NA,2416,236738,52506,218511,12148,1573,NA,942515,867892
477,Anhui,1986,NA,NA,NA,NA,NA,NA,NA,NA,NA,NA,NA,0
478,Fujian Province,1986,457461,NA,83013,NA,41862,12068,79498,3923,10745,NA,619511,548125
479,Jiangxi Province,1986,NA,NA,NA,NA,NA,NA,NA,NA,NA,NA,NA,0
480,Shandong,1986,413570,NA,NA,9064,14513,9150,133342,14417,52125,NA,522383,599376
481,Henan,1986,NA,NA,NA,NA,NA,NA,NA,NA,NA,NA,NA,0
482,Hubei,1986,NA,NA,NA,NA,NA,NA,NA,NA,NA,NA,NA,0
483,Hunan,1986,NA,NA,NA,NA,NA,NA,NA,NA,NA,NA,NA,0
484,Guangdong,1986,738733,NA,131129,NA,22958,NA,55916,10231,13870,NA,945329,810101
485,Guangxi,1986,118112,NA,23751,NA,426,1139,10807,1551,1723,NA,155168,130693
486,Sichuan Province,1986,NA,NA,NA,NA,NA,NA,NA,NA,NA,NA,NA,0
487,Guizhou,1986,NA,NA,NA,NA,NA,NA,NA,NA,NA,NA,NA,0
488,Yunnan,1986,NA,NA,NA,NA,NA,NA,NA,NA,NA,NA,NA,0
489,Tibet,1986,NA,NA,NA,NA,NA,NA,NA,NA,NA,NA,NA,0
490,Shanxi Province,1986,NA,NA,NA,NA,NA,NA,NA,NA,NA,NA,NA,0
491,Gansu Province,1986,NA,NA,NA,NA,NA,NA,NA,NA,NA,NA,NA,0
492,Qinghai,1986,NA,NA,NA,NA,NA,NA,NA,NA,NA,NA,NA,0
493,Ningxia,1986,NA,NA,NA,NA,NA,NA,NA,NA,NA,NA,NA,0
494,Xinjiang,1986,NA,NA,NA,NA,NA,NA,NA,NA,NA,NA,NA,0
495,total,1986,NA,NA,NA,NA,NA,NA,NA,NA,NA,NA,NA,0
496,Tianjin,1985,19658,NA,NA,97,4462,113,4352,65,NA,NA,34303,24010
497,Hebei,1985,58166,NA,NA,146,1186,32,34045,356,NA,NA,130576,92211
498,Liaoning Province,1985,267330,NA,NA,3787,30609,13180,100501,5911,NA,NA,262737,367831
499,Shanghai,1985,141616,NA,103,1319,35760,24258,10454,948,NA,NA,104826,152070
500,Jiangsu Province,1985,182317,NA,NA,2478,41729,9760,34114,7650,NA,NA,211631,216431
501,Zhejiang,1985,587033,NA,NA,3431,244371,29929,206554,14976,NA,NA,825590,793587
502,Fujian Province,1985,426217,NA,80058,NA,45758,7067,76824,2975,NA,NA,571689,503041
503,Shandong,1985,364748,NA,NA,6079,21584,7856,135726,12871,NA,NA,427341,500474
504,Guangdong,1985,576827,NA,126870,13291,31870,NA,49300,6351,NA,NA,791049,626127
505,Guangxi,1985,107493,NA,26852,NA,1394,378,11898,999,NA,NA,128142,119391
506,Tianjin,1984,22066,NA,NA,2,5967,115,7249,4,1554,NA,46010,30869
507,Hebei,1984,48111,NA,NA,12,1948,272,32707,119,6184,NA,116628,87002
508,Liaoning Province,1984,268617,NA,NA,2207,36791,23119,67381,3825,15731,NA,266961,351762
509,Shanghai,1984,157642,NA,595,1660,35228,23763,10238,1020,NA,NA,108872,167880
510,Jiangsu Province,1984,177187,NA,NA,730,40069,15167,34563,3424,9485,NA,229228,221235
511,Zhejiang,1984,568265,NA,NA,4648,212152,50342,185720,21256,NA,NA,791114,753985
512,Fujian Province,1984,382590,NA,64009,NA,63357,5178,67344,5701,7677,NA,506704,457708
513,Shandong,1984,377319,NA,NA,5658,36319,5918,124166,12435,22880,NA,393581,525027
514,Guangdong,1984,552618,NA,103101,4706,18116,NA,36091,5939,5023,NA,748908,595242
515,Guangxi,1984,106672,NA,32203,NA,83,59,6284,307,1552,NA,110364,114510
516,Beijing,1983,NA,NA,NA,NA,NA,NA,NA,NA,NA,NA,NA,0
517,Tianjin,1983,15724,NA,NA,200,5458,139,5088,7,11674,NA,38840,32486
518,Hebei,1983,41376,NA,NA,97,2410,137,34332,76,4855,NA,102388,80563
519,Shanxi,1983,NA,NA,NA,NA,NA,NA,NA,NA,NA,NA,NA,0
520,Inner Mongolia,1983,NA,NA,NA,NA,NA,NA,NA,NA,NA,NA,NA,0
521,Liaoning Province,1983,260661,NA,NA,4303,28892,25765,61883,4652,14197,NA,208365,336741
522,Jilin,1983,NA,NA,NA,NA,NA,NA,NA,NA,NA,NA,NA,0
523,Heilongjiang,1983,NA,NA,NA,NA,NA,NA,NA,NA,NA,NA,NA,0
524,Shanghai,1983,147983,NA,58,3403,51179,45482,8357,1224,NA,NA,93731,156340
525,Jiangsu Province,1983,160309,NA,NA,640,39743,13488,33388,3237,10501,NA,203097,204198
526,Zhejiang,1983,529668,NA,NA,4803,235802,48619,142238,20428,455,NA,695647,672532
527,Anhui,1983,NA,NA,NA,NA,NA,NA,NA,NA,NA,NA,NA,0
528,Fujian Province,1983,382735,NA,69128,NA,52330,7512,55276,8269,5024,NA,454251,443232
529,Jiangxi Province,1983,NA,NA,NA,NA,NA,NA,NA,NA,NA,NA,NA,0
530,Shandong,1983,328778,NA,NA,9112,25179,12740,106946,10409,29249,NA,356459,465382
531,Henan,1983,NA,NA,NA,NA,NA,NA,NA,NA,NA,NA,NA,0
532,Hubei,1983,NA,NA,NA,NA,NA,NA,NA,NA,NA,NA,NA,0
533,Hunan,1983,NA,NA,NA,NA,NA,NA,NA,NA,NA,NA,NA,0
534,Guangdong,1983,528530,NA,120182,5904,10763,NA,29443,4974,5436,NA,681856,565008
535,Guangxi,1983,108246,NA,23167,NA,15,6,4353,118,3204,NA,99066,115814
536,Sichuan Province,1983,NA,NA,NA,NA,NA,NA,NA,NA,NA,NA,NA,0
537,Wherein: Chongqing,1983,NA,NA,NA,NA,NA,NA,NA,NA,NA,NA,NA,0
538,Guizhou,1983,NA,NA,NA,NA,NA,NA,NA,NA,NA,NA,NA,0
539,Yunnan,1983,NA,NA,NA,NA,NA,NA,NA,NA,NA,NA,NA,0
540,Tibet,1983,NA,NA,NA,NA,NA,NA,NA,NA,NA,NA,NA,0
541,Shanxi Province,1983,NA,NA,NA,NA,NA,NA,NA,NA,NA,NA,NA,0
542,Gansu Province,1983,NA,NA,NA,NA,NA,NA,NA,NA,NA,NA,NA,0
543,Qinghai,1983,NA,NA,NA,NA,NA,NA,NA,NA,NA,NA,NA,0
544,Ningxia,1983,NA,NA,NA,NA,NA,NA,NA,NA,NA,NA,NA,0
545,Xinjiang,1983,NA,NA,NA,NA,NA,NA,NA,NA,NA,NA,NA,0
